<?xml version="1.0"?>
<data grt_format="2.0">
  <value _ptr_="0000019157847860" type="list" content-type="object" content-struct-name="db.mgmt.Connection">
    <value type="object" struct-name="db.mgmt.Connection" id="{A765D742-5EB5-4824-8510-80B626B90560}" struct-checksum="0x96ba47d8">
      <link type="object" struct-name="db.mgmt.Driver" key="driver">com.mysql.rdbms.mysql.driver.native</link>
      <value type="string" key="hostIdentifier">Mysql@localhost:3306</value>
      <value type="int" key="isDefault">0</value>
      <value _ptr_="000001915CDD55F0" type="dict" key="modules"/>
      <value _ptr_="000001915CDD46F0" type="dict" key="parameterValues">
        <value type="string" key="hostName">localhost</value>
        <value type="int" key="lastConnected">1523732908</value>
        <value type="int" key="port">3306</value>
        <value type="string" key="serverVersion">5.7.20-log</value>
        <value type="string" key="userName">root</value>
      </value>
      <value type="string" key="name">Local instance MySQL57</value>
      <link type="object" struct-name="GrtObject" key="owner">{D6CA1425-A6FF-4164-A23A-C4AA252ED661}</link>
    </value>
  </value>
</data>
